future_serious_dq_6m,count,pct
0.0,13577132,97.56700003830206
,305482,2.1952325649997797
1.0,33087,0.23776739669816133
